text,type
wiki,love song flo twenty second single rhythm zone contains new songs next album cosmicolor remix lotta love instrumentals released november first pressings single include cd extra footage live summer time love performance love song bonnie pink twenty sixth single
wiki,season nd season competitive football rangers
wiki,afromarengo plana jumping spider species genus afromarengo lives south africa
wiki,grisana genus moths noctuidae family
wiki,kshatriya kulavatauns title nobility conferred upon seventeenth century indian warrior king chhatrapati shivaji raje bhosale means head chief kshatriya race kshatriya one four varnas hinduism kulavantas means head kula race title continues used shivajis descendants
wiki,robert sands estate historic home located rhinebeck dutchess county new york house built story brick filled wood frame building gable roof sheathed clapboard sat extant stone foundation measured five bays wide four deep also property contributing story frame cottage four frame farm outbuildings including dutch barn added national register historic places national park service oversees register announced considering request remove result fire left foundation august year
wiki,cowboy ninja viking image comics comic book created writer j lieberman artist riley rossmo series debuted released image comics partner studio shadowline
wiki,das kriminalmuseum german television series ran zdf one first programs episode began tracking shot unspecified crime museum stopping one displays whose story told episode minutes long featured different actors criminal commissioner best known erik ode moved der kommissar appearing episodes theme music series written german composer martin bottcher also composed complete scores five episodes
wiki,universal music latin entertainment division universal music group vivendi record company specialized producing distributing latin music mexico united states puerto rico umle includes famous latin music labels universal music latino fonovisa records universal music mexico capitol latin machete music disa records record company created acquisition univision music group combining universal top latin artists along much latin back catalog umg
wiki,molineux stadium mlnju mol new championship football stadium situated wolverhampton england home ground wolverhampton wanderers football club since long history first stadium ever built football league one first grounds country install floodlights well hosting first european club games time multimillion pound renovation early molineux one biggest modern stadia england though since eclipsed many ground developments stadium however hosted england internationals recently england internationals well first uefa cup final although currently seater stadium record attendance molineux stands initial plans announced may rebuild two sides stadium season increase capacity around first stage project began summer completed course start season also provisional future plans longer term redevelopment every stand could potentially create capacity
wiki,americo sebastiano costantino born october italian american retired professional wrestler wrestling manager performed ring names rico costantino rico world wrestling entertainment wwe currently wrestling future stars wrestling promotion las vegas nevada
wiki,lance edward lem massey september june native syracuse new york child walter griffith massey florence lance massey growing watertown new york attended two years high school watertown entered severn school located severna park maryland graduating severn accepted u naval academy sixteen graduating naval academy given commission ensign ordered battleship uss texas bb serving year aboard uss texas entered flight training pensacola naval air station naval aviator wings january assigned scouting squadron aboard aircraft carrier uss lexington cv next three years ships company uss lexington subsequently served two year tour pensacola naval air station florida flight instructor pensacola married marjorie drake kelsey widow lieutenant j g james kelsey graduate us naval academy june lieutenant jg massey reported observation squadron aboard battleship uss new mexico bb whose home port long beach california august promoted rank lieutenant january observation squadron three transferred uss idaho bb stayed july sent naval air station pensacola october reassigned uss enterprise cv executive officer torpedo squadron six united states attacked japan december serving capacity promoted rank lieutenant commander january active several major actions first seven months february squadron torpedo squadron six consisting nine tbd devastator torpedo planes made first airborne torpedo attack u naval history attack japanese shipping kwajalein atoll marshall islands sank ton japanese transport bordeaux maru awarded distinguished flying cross following month aboard uss enterprise air wing escorted uss hornet cv carried general jimmy doolittles renowned tokyo raiders attacked mainland japan
wiki,neaspilota genus tephritid fruit flies family tephritidae
wiki,faulknor family english family northamptonshire several generations served officers royal navy
wiki,stefan dimle born june koping sweden bassplayer progressive band morte macabre former member landberk paatos driving force company mellotronen also organiser floating rock festival named melloboat held aboard ship galaxy mellotronen runs community mello club cafe stockholm stefan dimle member several local rock bands former hometown borlange one bands kajuku members band currently opeth anekdoten stefan dimle start rock club mellotronen borlange company existed parallel basis stockholm borlange shop huge section rare hard find cds lps field progressive rock mellotronen became important headquarters musicians fans progressive rock shop mellotronen located fashionable street kakbrinken gamla stan center stockholm nowadays one find dimle company city gustavsberg stefan dimle member band landberk recorded three albums two eps various record labels like record heaven mega rock american label laser edge progressive rock groups landberk anglagard anekdoten co operated lot three used instrument mellotron main instrument three groups led way many new bands progressive genre three famous international level label mellotronen started cd reissue solid grounds debut album since dimle released around different cd vinyl albums latest ones double cd trettioariga kriget two albums sabu martinez dimle mellotronen co operated lot labels like universal national swedish radio mnw sony emi together members landberk anekdoten dimle started project morte macabre made career film circuits repertoire new versions old soundtracks mainly italian horror movies band paatos started dimle performed til paatos released four albums inch vinyl single dimle also performed emma nordenstam machine said behold turid onkel kankel kankelbar january organised dimle rock festival board ship silja festival celebrate th anniversary mellotronen company among many artists performed board following ones mentioned flasket brinner november asoka morte macabre solid ground emma nordenstam march time nd rock cruise ship silja symphony many people came see bands like opeth katatonia comus april third rock cruise supposed take place destination finland time board galaxy however months date dimle announced melloboat cancelled among many artist supposed perform cruise meshuggah may blitz steven wilson
wiki,holzdorf village municipality jessen elster district wittenberg german state saxony anhalt inhabitants previously separate municipality district kremitz became part amalgamated municipality jessen march holzdorf various shops doctors offices regional center surrounding villages addition farming nearby schonewalde holzdorf air base staff main source income residents air base within city schonewalde brandenburg
wiki,tredinnick cornish surname derives one places called tredinnick tredinnick formed elements tre homestead either dynek fortified eythynek overgrown gorse redynek overgrown bracken notable people surname include david tredinnick actor australian actor david tredinnick politician born british politician mark tredinnick born australian poet writer miles tredinnick born english musician stage screen writer noel tredinnick born english organist composer
wiki,scottish cup th season scotland prestigious football knockout competition cup rangers beat kilmarnock final
wiki,gunther schmidt rudersdorf near berlin german mathematician works also informatics
wiki,robert sargent electrical engineer defense department defensive weapons specialist published poet lived adult life washington dc
wiki,broken rites formally broken rites australia collective inc australian non profit organisation dedicated exposing denouncing cases catholic sexual abuse scandal
wiki,deep six song american rock band marilyn manson song released digital outlets december second single band ninth studio album pale emperor music video directed bart hess released youtube song hit american active rock radio peaking number eight billboard mainstream rock becoming band highest peaking single ever chart
wiki,usa also known gps iir gps svn american navigation satellite forms part global positioning system eleventh block iir gps satellite launched thirteen original configuration twenty one overall built lockheed martin using satellite bus usa launched utc march atop delta ii carrier rocket flight number flying configuration launch took place space launch complex b cape canaveral air force station placed usa transfer orbit satellite raised medium earth orbit using star fm apogee motor may usa orbit perigee kilometres mi apogee kilometres mi period minutes degrees inclination equator used broadcast prn signal operates slot plane c gps constellation satellite mass kilograms lb design life years remains service
wiki,luan county station chinese chinese railway station located luan county jingha railway
wiki,stanek stank village administrative district gmina michaowo within biaystok county podlaskie voivodeship north eastern poland close border belarus lies approximately kilometres mi north west michaowo km mi east regional capital biaystok
wiki,carlo pezzati october italian politician mayor italian city piacenza carlo born pio defina elmonti pezzati village torre gandini outside piacenza would eventually become mayor piacenza killed partisans laid rest cemetery torre gandini
wiki,john william moore june december u representative kentucky born morgantown kentucky moore attended public schools completed commercial course bryant stratton college louisville became clerk morgantown deposit bank engaged timber business cashier morgantown deposit bank moore elected democrat sixty ninth congress special election fill vacancy caused death united states representative robert thomas jr reelected succeeding congress december march unsuccessful candidate reelection seventy first congress moore elected democrat seventy first congress special election fill vacancy caused death united states representative charles w roark reelected succeeding congress june march candidate renomination seventy third congress resumed former business pursuits employed federal housing administration washington c assistant comptroller died washington c december interred morgantown cemetery morgantown kentucky
wiki,th division spanish division division spanish republican army spanish civil war formed april aragon militarized columna durruti reorganization spanish republican armed forces th division included th th st mixed brigades throughout civil war fought huesca offensive battle belchite aragon offensive battle segre finally disbanded february withdrawal rush border followed rebel catalonia offensive
wiki,pelham range small mountain range southern vancouver island british columbia canada located northeast sarita sarita river alberni inlet area km subrange vancouver island ranges turn form part insular mountains
wiki,katzenthal commune haut rhin department grand est north eastern france
wiki,psyrassa sallaei species beetle family cerambycidae
wiki,juan manuel coello torres born may retired honduran association footballer currently coach motagua reserves team
wiki,holy trinity church church scotland parish church st andrews fife category listed building
wiki,athyma glora species nymphalid butterfly
wiki,amanda nicole poach born july american soccer player bowie maryland poach represented united states fifa u women world championship team finished fourth place
wiki,lone shark weekly minute public access television cable tv program broadcast ten years wfac tv soundview community television television stations part cablevision southern connecticuts cable system spans southwestern coast connecticut new york state border middle new county lone shark hosted program creator executive producer jim sharky co hosted program producer sean haffner k sean producer although program unscripted sharky would usually list topics wanted discuss haffner episode lone shark known fast pace strong language adult themes often pushing limits station managers believed could allowed television lone shark originally recorded studio location edited broadcast program broadcast live without broadcast delay editing censor august program permanently suspended production soundview television station management lone shark aired three seconds graphic adult sex video live television prime time
wiki,peppy peppermint polar bear mascot icon fox glacier mints brand boiled mint manufactured fox confectionery united kingdom peppy introduced confectionery packaging around time fox commissioned taxidermist shoot stuff real polar bear put display public events football matches carnivals advertise glacier mints exhibition taken country eventually incorporated many four stuffed polar bears advent televised advertising rowntrees acquired company exhibition deemed politically incorrect removed public circulation television commercials featured peppy later produced original peppy measuring ft high ft long indeterminate gender donated new walk museum leicester city fox confectionery based stuffed bear lost company factory approximately years brand manager said donation found back clearing decided donate museum best place want reception gory feared could scare customers visited acquisition museum commenced restoration process took six years complete peppy displayed public exhibition museum january april
wiki,earl thomas ferrell born march halifax virginia former professional american football player selected st louis cardinals th round nfl draft ft lbs running back east tennessee state ferrell played entire nfl career cardinals led cardinals running backs rushing yards seasons team first two years playing phoenix second player one four school history selected draft play nfl playing college football etsu despite pro bowl appearance final two seasons ferrell career cut short due problems illegal drugs ferrell reportedly tested positive three times cocaine prior season suspended one year due another failed drug test never played nfl getting news suspension ferrell chose retire
wiki,happy people go third studio album american soul disco group trammps released atlantic records
wiki,decellularization porcine heart valves removal cells along antigenic cellular elements either physical chemical decellularization tissue decellularized valve tissue provides scaffold remaining extracellular matrix ecm used tissue engineering valve replacement humans inflicted valvular disease decellularized biological valves potential benefit conventional valves decreased calcification thought immuno inflammatory response initiated recipient
wiki,charley aunt farce three acts written brandon thomas broke historic records plays kind original london run performances play first performed theatre royal bury st edmunds february produced former oyly carte opera company actor w penley friend thomas appeared principal role lord fancourt babberley undergraduate whose friends jack charley persuade impersonate latter aunt piece success opened london royalty theatre december quickly transferred larger globe theatre january complete record breaking run play success broadway another long run also toured internationally revived continually adapted films musicals
wiki,francois lesieur desaulniers august quebec farmer political figure born yamachiche served lieutenant colonel local militia married charlotte daughter augustin rivard represented saint maurice legislative assembly desaulniers elected legislative assembly lower canada saint maurice election member parti patriote elected legislative assembly province canada region died yamachiche son louis leon member canadian house commons
wiki,choanoderm type cell layer composed flagellated collar cells choanocytes found sponges
wiki,article presents lists literary events publications
wiki,sawoszewek swavvk village administrative district gmina kleczew within konin county greater poland voivodeship west central poland lies approximately kilometres mi north kleczew km mi north konin km mi east regional capital poznan village population
wiki,valdres videregaande skule high school located valdres area eastern norway school primary high school vast majority students greater valdres area offers relatively broad range subjects since distances area quite big many students live small apartments closer school e g students areas farthest away may take hour travel every day bus get school school split two sections one leira another fagernes new building heavy investment municipal extended leira section cover students time writing principal kari elisabeth rustad student count generally around
wiki,nalkheda village bhopal district madhya pradesh india located berasia tehsil
wiki,puerto rican nationalist party revolts series coordinated armed protests independence puerto rico led president puerto rican nationalist party pedro albizu campos united states government rule island party repudiated free associated state estado libre asociado status enacted nationalists considered continuation colonialism party organized series uprisings take place various puerto rican cities october uprisings suppressed strong ground air military force command puerto rico national guard major general luis r esteves related event november year two nationalists new york city attempted storm blair house failed effort assassinate u president harry truman supported puerto rican government effort draft constitution would rename local government commonwealth united states provide limited local autonomy nearly puerto rican voters approved constitution estado libre associado nationalists considered outcome vote political farce since referendum offered option vote favor independence statehood restricting choices two continuation colonial status existing time proposed new commonwealth status march another armed assault four nationalists fired shots visitors gallery house representatives united states capitol full floor debate wounding five congressmen one seriously nationalists protesting perceived continuation colonial status puerto rico
wiki,sleeps song american heavy metal band metallica album load band first number one song us billboard hot mainstream rock tracks chart well first song release death magnetic hit top billboard hot debuting peaking number
wiki,rising sun high school public high school rising sun indiana part rising sun ohio county community schools high school ohio county
cnn,warmbier death comes less month two u congressmen introduced bill aimed banning american tourists visiting north korea devastating loss otto warmbier life led us reconsider position accepting american tourists said statement related warmbier death raises pressure white houseif trump administration wants punish north korea treatment warmbier would need beijing help otto warmbier arrested north korea sightseeing tour last year related u lawmakers want ban american tourists north koreabut american tourists make small fraction visitors north korea whose tourism industry dominated visitors china main economic partner
cnn,personal information almost million registered u voters accidentally exposed online due improperly configured security setting security firm upguard revealed monday leaked information compiled republican data firm deep root analytics two republican contractors included names birth dates addresses voter registration details social media posts deep root said statement data exposed june firm updated security settings putting number context politico reported last october united states little million voters also unknown whether vickery first person notice exposed information
cnn,megyn kelly much talked interview alex jones got plenty attention kelly nbc good bad many viewers fewest viewers kelly weekly news magazine telecast sunday night megyn kelly drawn since debut three weeks ago show also trailed run episode cbs minutes brought million viewers kelly sit jones controversial conspiracy theorist radio host founder website infowars brought average million viewers sunday night episode drew average million viewers
cnn,iss argued wells fargo board made scandal worse failing provide oversight could limited damage federal reserve must hold wells fargo board members accountable risk management failures warren wrote letter first reported cnbc elizabeth warren livid wells fargo demanding government take dramatic step throwing board directors wells fargo acknowledged firing workers creating million fake accounts instance wells fargo eliminated unrealistic sales goals promoted sloan ceo encouraged workers speak bad behavior
cnn,monday supreme court ruled sex offenders broadly banned using social media supreme court ruling major milestone internet era among first decisions target social media use lot ways constitutional coming party social media companies said alex abdo senior staff attorney knight first amendment institute columbia university opinion kennedy said cyberspace social media particular important places exchanging views first amendment ruling sets precedent denying access social media sites raises questions role public forum
cnn,nsx honda hmc luxury division futuristic hybrid supercar three electric motors turbocharged v engine miles per gallon city highway fuel efficient exotic car still looks drives like exotic car little nicer descriptions practical aspects must include qualifier exotic car looking excuse go visit mother hometown someone handed keys acura nsx
cnn,despite trump promises electric utilities expected dump coal businesses individuals adopt solar panels fact projections assume renewable energy subsidies go away eventually paris agreement achieved simple economic reality renewable energy costs poised continue dropping thanks gush investment course solar energy force creating headaches coal beleaguered workforce key solar technology become efficient thanks flood money investing renewable energy
cnn,despite trump promises electric utilities expected dump coal businesses individuals adopt solar panels fact projections assume renewable energy subsidies go away eventually paris agreement achieved simple economic reality renewable energy costs poised continue dropping thanks gush investment course solar energy force creating headaches coal beleaguered workforce key solar technology become efficient thanks flood money investing renewable energy
cnn,valuation billion last time blue apron raised money private investors maybe buffett one day blue apron stock delivered portfolio blue apron mention whole foods amazon name recent sec filing blue apron prices offering midpoint raise million market value billion blue apron expecting big delivery greens
cnn,personal information almost million registered u voters accidentally exposed online due improperly configured security setting security firm upguard revealed monday leaked information compiled republican data firm deep root analytics two republican contractors included names birth dates addresses voter registration details social media posts deep root said statement data exposed june firm updated security settings putting number context politico reported last october united states little million voters also unknown whether vickery first person notice exposed information
cnn,leaving eu means britain longer free access market bruegel influential think tank estimated size final bill billion billion billion billion related eu citizens leaving brexit britainin position paper published earlier month eu said wants broad rights citizens eu britain well families eu requires nations access free trading bloc accept free movement people britain might allowed pay access eu market would require concessions key areas
cnn,boeing shows latest jetliners dreamliner max ahead paris air show
cnn,know interest rate sure know interest rate card hand interest promotional period interest card interest rate changes deferred interest card could cost quite bit paying attention deferred interest card rate remains throughout look keywords card offers include word tend deferred interest arrangements
cnn,white house press briefing dates back presidency william mckinley become hallmark american politics white house press briefing seen better days first time white house taken step month brought added twist monday briefing white house termed gaggle informal set though took place format much like briefing likewise camera audio broadcasting forbidden response networks like cnn decided broadcast audio briefing even without visual accompany white house barred attendees
cnn,white house press briefing dates back presidency william mckinley become hallmark american politics white house press briefing seen better days first time white house taken step month brought added twist monday briefing white house termed gaggle informal set though took place format much like briefing likewise camera audio broadcasting forbidden response networks like cnn decided broadcast audio briefing even without visual accompany white house barred attendees
cnn,gallup poll u employees said work hours week put hours tend get distracted typical working hours along lines may want take step back think working many hours first place gone days strolling work sharp clocking precisely eight hours later stanford university study found employee productivity significantly declines hour mark reached given work week
cnn,president trump made tens millions dollars mar lago club past year financial disclosure form published friday office government ethics shed light trump earned politically significant year career financial disclosure form shows earned income least assets foreign ties royalties titles including america deserve way top earned trump told assets earned trump least million
cnn,wall street analysts starting wonder whether another retailer come higher offer start bidding war raised price target whole foods amazon deal announced raised price target company nearly higher amazon bid would jana say higher offer walmart another amazon rival whole foods wfm stock closed friday rose monday top
cnn,f production india supports thousands lockheed martin f supplier jobs u said lockheed tata confirmed cnnmoney f production india move forward lockheed gets lucrative order one world best known fighter jets could soon built india lockheed tata also talks make f components india air force deal materialize tata spokesman added lockheed martin lmt said monday make classic f aircraft south asian nation indian government grants contract supply fighter jets country air force
cnn,ups typically sees volume double normal levels around christmas related ups unveils saturday delivery new jobsthe surcharges start week november thanksgiving week ground shipments world largest shipping company announced monday much plans hike prices holiday season ups typically negotiates higher rates major customers raised rates individuals united parcel service ups instituting per package surcharges holiday season help cover cost hiring additional workers renting extra planes trucks
cnn,cnn tech samuel burke walks steps take protect hacked
cnn,new advertisement released qatar airways monday strikes overtly political tone saying skies free restrictions addition closing airspace qatar airways saudi arabia uae bahrain also shut airline offices qatar airways hit hard losing destinations flights day comes two weeks several states including united arab emirates saudi arabia bahrain egypt cut diplomatic ties qatar severed transport links qatar state owned airline stepping war words attempts neighbors isolate gulf state
cnn,mitsubishi aircraft corp showing new jet known mrj paris air show week mitsubishi joins big leaguesthe huge japanese conglomerate behind mrj mitsubishi heavy industries mhvyf making complex parts plane makers like boeing decades related boeing takes swing airbus bigger maxwhile built nagoya japan mrj global collaboration one unmistakable feature though sharply aerodynamic nose resembles japan famous bullet trains mitsubishi believes getting back track still big tests go could reveal issues
cnn,personal information almost million registered u voters accidentally exposed online due improperly configured security setting security firm upguard revealed monday leaked information compiled republican data firm deep root analytics two republican contractors included names birth dates addresses voter registration details social media posts deep root said statement data exposed june firm updated security settings putting number context politico reported last october united states little million voters also unknown whether vickery first person notice exposed information
cnn,joshua brown tesla warned seven times put hands back wheel plowed truck crash near gainesville florida may drew attention questions raised safety self driving cars national transportation safety board report deadly crash also found brown hands wheel tesla tsla model seconds minutes car autopilot case car hit trailer truck pulled across lanes traffic intersection agency said drawing conclusions crash happened
cnn,joshua brown tesla warned seven times put hands back wheel plowed truck crash near gainesville florida may drew attention questions raised safety self driving cars national transportation safety board report deadly crash also found brown hands wheel tesla tsla model seconds minutes car autopilot case car hit trailer truck pulled across lanes traffic intersection agency said drawing conclusions crash happened
cnn,mcdonald worked olympics since delivered hamburgers athletes competing winter games grenoble france split takes effect immediately one exception mcdonald mcd still sponsor winter olympics pyeongchang south korea mcdonald operate restaurants olympic park olympic village advertise south korea olympic sponsor mcdonald ran promotion called u wins win time american athlete medal americans food changing sponsorships may normal splits come disappointing viewership olympic games rio
cnn,wish yahoo thought money money money could made using symbol abba instead like alibaba business model fan enigmatic founder jack buy alibaba altaba essentially holding company yahoo remaining shares alibaba shares used known yahoo ticker symbol yhoo started trading monday altaba think alternative alibaba trade symbol aaba yahoo held stakes chinese e commerce giant alibaba baba tech yahoo japan yahof
cnn,best airline north america dozens skytrax awards announced tuesday including one air canada took award best airline north america oscars aviation industry emirates airline year qatar snagged skytrax award best business class glitzy awards ceremony tuesday paris air show qatar airways named airline year international air transport ratings group skytrax related qatar airways fires back arab neighbors borders adqatar airways serves worldwide routes fleet planes according website qatar airways best times worst times
cnn,executives charged include former ceo john varley roger jenkins barclays former head investment banking middle east regulator put case hold however pending outcome criminal investigation conducted serious fraud office shortly investments made barclays made billion loan facility available qatar according serious fraud office bank former executives charged u k serious fraud office conspiracy commit fraud false representation june investment made qatar sovereign wealth fund pair also face second charge conspiracy commit fraud october deal group qatari investors
cnn,wall street analysts starting wonder whether another retailer come higher offer start bidding war raised price target whole foods amazon deal announced raised price target company nearly higher amazon bid would jana say higher offer walmart another amazon rival whole foods wfm stock closed friday rose monday top
cnn,despite trump promises electric utilities expected dump coal businesses individuals adopt solar panels fact projections assume renewable energy subsidies go away eventually paris agreement achieved simple economic reality renewable energy costs poised continue dropping thanks gush investment course solar energy force creating headaches coal beleaguered workforce key solar technology become efficient thanks flood money investing renewable energy
cnn,download cnn moneystream minute market data news barclays fraud charges british prosecutors filed criminal charges barclays bclyfthe executives charged include former ceo john varley lockheed martin scores paris lockheed martin lmt says working tata make f fighters india tries beat saab deal supply country military forecast real gdp growth germany year higher rate previously expected stock market movers chipotle chipotle cmg shares dropped extended trading company said spending marketing promotions tries recover e coli outbreak
cnn,six months top tech ceos met president trump first time came back round two one source works tech companies policy issues stressed continues issues like modernizing government tech trump find common ground even disagree others related silicon valley impossible balancing actfor large tech companies difficult impossible sever ties white house completely facebook one top five tech companies attend hope build working relationship white house bipartisan issue modernizing government
cnn,industry leaders started calling next year series started boeing new boeing jet become anticipated airplane commercial aviation related expect paris air showdetails still far boeing talked potential customers world given peek boeing plans new small twin aisle aircraft unofficially dubbed boeing ba released first image new middle market airplane paris air show tuesday teaser company first new airliner since dreamliner
cnn,nsx honda hmc luxury division futuristic hybrid supercar three electric motors turbocharged v engine miles per gallon city highway fuel efficient exotic car still looks drives like exotic car little nicer descriptions practical aspects must include qualifier exotic car looking excuse go visit mother hometown someone handed keys acura nsx
cnn,gallup poll u employees said work hours week put hours tend get distracted typical working hours along lines may want take step back think working many hours first place gone days strolling work sharp clocking precisely eight hours later stanford university study found employee productivity significantly declines hour mark reached given work week
cnn,know interest rate sure know interest rate card hand interest promotional period interest card interest rate changes deferred interest card could cost quite bit paying attention deferred interest card rate remains throughout look keywords card offers include word tend deferred interest arrangements
cnn,stocks traditional grocery stores like kroger clobbered friday deal announced amazon already relatively small grocery business amazon fresh acquisition whole foods much ominous sign competitors walmart boosted grocery business private companies like trader joe also offered tough competition food stocks also sank even buying whole foods amazon invested heavily food delivery business
cnn,white house press secretary getting point kind useless acosta gaggle https co blfwud b cnn newsroom cnnnewsroom june white house press secretary getting point brooke kind useless concluded related camera audio broadcast white house keeps undermining press briefingbut american public get see spicer white house press secretary dealt questions monday acosta thoughts white house white house behind said turning part back camera gesturing towards building yet another day white house refused conduct briefing camera even allow audio briefing broadcast cnn jim acosta let known enough
cnn,one oldest largest events kind paris air show attracted unusual planes years related expect paris air show click images see unusual aircraft appearing past paris air shows return visitor every paris air show since typically seats passengers compared generally holds
cnn,warmbier death comes less month two u congressmen introduced bill aimed banning american tourists visiting north korea devastating loss otto warmbier life led us reconsider position accepting american tourists said statement related warmbier death raises pressure white houseif trump administration wants punish north korea treatment warmbier would need beijing help otto warmbier arrested north korea sightseeing tour last year related u lawmakers want ban american tourists north koreabut american tourists make small fraction visitors north korea whose tourism industry dominated visitors china main economic partner
cnn,ups typically sees volume double normal levels around christmas related ups unveils saturday delivery new jobsthe surcharges start week november thanksgiving week ground shipments world largest shipping company announced monday much plans hike prices holiday season ups typically negotiates higher rates major customers raised rates individuals united parcel service ups instituting per package surcharges holiday season help cover cost hiring additional workers renting extra planes trucks
cnn,joshua brown tesla warned seven times put hands back wheel plowed truck crash near gainesville florida may drew attention questions raised safety self driving cars national transportation safety board report deadly crash also found brown hands wheel tesla tsla model seconds minutes car autopilot case car hit trailer truck pulled across lanes traffic intersection agency said drawing conclusions crash happened
cnn,monday supreme court ruled sex offenders broadly banned using social media supreme court ruling major milestone internet era among first decisions target social media use lot ways constitutional coming party social media companies said alex abdo senior staff attorney knight first amendment institute columbia university opinion kennedy said cyberspace social media particular important places exchanging views first amendment ruling sets precedent denying access social media sites raises questions role public forum
cnn,first meeting american technology council tech ceos industry leaders gave advice modernizing government tech infrastructure
cnn,orlando tourist town known says bruce elliott president orlando regional realtor association means plenty opportunity potential homeowners land good job ease burden saving payment buying house new homeowners find plenty area lively nightlife beaches short drive away booming health education technology industries well several massive infrastructure projects underway helped push orlando unemployment rate
cnn,sean spicer time press secretary eventful watch controversial moments
cnn,qatar airways awarded airline year skytrax paris airshow
cnn,lawrence donnell argues many trump lawyers lack experience abilities properly defend president robert mueller hired dream team experienced lawyers doj government bodies handle russia probe moreduration video duration momentjs
recipe,"Preheat oven to 375 degrees F (190 degrees C). Lightly grease a 9 inch pie plate. Mound sliced apples in the pie plate. Sprinkle with orange juice. In a medium bowl, mix the flour, sugar, cinnamon, nutmeg, and salt. Cut in butter until the mixture resembles coarse crumbs. Scatter over the apples. Bake in preheated oven for 45 minutes. Serve warm. "
recipe,"Preheat oven to 350 degrees F (175 degrees C). Grease and flour a 9x5-inch loaf pan. Mix brown sugar and cinnamon together in a bowl. Beat white sugar and butter together in a bowl using an electric mixer until smooth and creamy. Beat in eggs, 1 at a time, until incorporated; add vanilla extract. Combine flour and baking powder together in a bowl; stir into creamed butter mixture. Mix milk into batter until smooth. Pour half the batter into the prepared loaf pan; add half the apples and half the brown sugar mixture. Lightly pat apple mixture into batter. Pour the remaining batter over apple layer; top with remaining apples and brown sugar mixture. Lightly pat apples into batter; swirl brown sugar mixture through apples using a finger or spoon. Bake in the preheated oven until a toothpick inserted in the center of the loaf comes out clean, 30 to 40 minutes. "
recipe,"Preheat the oven to 350 degrees F (175 degrees C). Grease a 9x13 inch baking pan. In a medium bowl, mix together the butter, brown sugar and egg until smooth. Stir in applesauce. Combine the flour, baking soda, salt and pumpkin pie spice; stir into the applesauce mixture until well blended. Spread evenly into the prepared pan. Bake for 25 minutes in the preheated oven, or until edges are golden. Cool in the pan over a wire rack. In a small bowl, mix together the confectioners' sugar and margarine. Stir in vanilla and milk until smooth. Spread over cooled bars before cutting into squares. "
recipe,"In a large bowl, toss apples with lemon juice and set aside. Pour water into a Dutch oven over medium heat. Combine sugar, cornstarch, cinnamon, salt, and nutmeg in a bowl; add to water, stir well, and bring to a boil. Boil for 2 minutes, stirring constantly. Add apples and return to a boil. Reduce heat, cover and simmer until apples are tender, about 6 to 8 minutes. Cool for 30 minutes. Ladle into 5 freezer containers, leaving 1/2 inch headspace. Cool at room temperature no longer than 1 1/2 hours. Seal and freeze. Can be stored for up to 12 months. "
recipe,"Preheat oven to 350 degrees F (175 degrees C). Grease a 9x9 inch baking dish. In a large bowl, beat together the melted butter, sugar, and egg until fluffy. Fold in the apples and walnuts. In a separate bowl, sift together the flour, salt, baking powder, baking soda, and cinnamon. Stir the flour mixture into the wet mixture until just blended. Spread the batter evenly in the prepared baking dish. Bake 35 minutes in the preheated oven, or until a toothpick inserted in the center comes out clean. "
recipe,"Preheat the oven to 425 degrees F (220 degrees C). Press the pie crust into and up the sides of a 9 inch pie plate. In a medium bowl, stir together 3/4 cup sugar, 2 tablespoons of flour, and salt. Mix in the sour cream, egg and vanilla until smooth. Add apples, and stir to coat. Scrape the mixture into the pie shell. Bake for 15 minutes in the preheated oven, then reduce heat to 350 degrees F (175 degrees C), and continue baking for 30 minutes more. While the pie is baking, prepare the topping in a medium bowl. Stir together 1/3 cup of flour, 1/3 cup sugar, and cinnamon. Cut in the butter until the mixture resembles fine crumbs. After the 30 minute bake time has passed, cover the top of the pie with the crumb topping, and continue to bake for 15 minutes, or until topping is lightly browned and apples are tender. Allow the pie to cool, then refrigerate until chilled before serving. "
recipe,"Preheat oven to 375 degrees F (190 degrees C). Grease and flour 24 muffin cups, or use paper liners. Sift together the flour, baking soda, salt, cinnamon, and nutmeg. Set aside. In a large bowl, cream together the shortening and sugar until light and fluffy. Beat in the eggs one at a time, then stir in the vanilla and buttermilk. Beat in the flour mixture, mixing just until incorporated. Fold in the mashed bananas and shredded apples. Fill each muffin cup half full. Bake in the preheated oven for 20 to 25 minutes, or until a toothpick inserted into the center comes out clean. Allow to cool. "
recipe,"Preheat oven to 375 degrees F (190 degrees C). To Make Taffy: In a small bowl combine brown sugar, melted butter or margarine, and 1/3 cup flour. Mix well and set aside. To Make Apple Filling: Place apples in a large bowl. Add white sugar, 3 tablespoons flour, cinnamon, and lemon juice. Toss until all ingredients are mixed well and apples are thoroughly coated. Spoon half of apple filling into pastry-lined deep-dish pan. Top with half of caramels and half of taffy mixture. Repeat process with remaining apple filling, caramels and taffy mixture. Place top pastry over filling and seal well (this is very important--if edges are not sealed, caramel will leak out all over). Cut steam vents and brush top crust with milk or light cream. Cover pie with foil and place on a baking sheet. Bake in preheated oven for 25 minutes. Remove foil from pie and bake for another 20 to 25 minutes, until crust is golden. Serve warm. "
recipe,"Preheat oven to 350 degrees F (175 degrees C) lightly grease and flour a 9x13 inch pan. Sift together flour, salt, cinnamon and baking powder. Set aside. In a large bowl, beat eggs and sugar for 15 minutes on high speed with an electric mixer. Add oil and blend in. Add four mixture and mix well. Add vanilla. Fold in apples and nuts. Pour batter into 9x13 inch pan. In a small bowl, mix 4 teaspoons sugar with 1 teaspoon cinnamon. Sprinkle over cake. Bake at 350 degrees F (175 degrees C) for 50 to 60 minutes or until a toothpick inserted into center of cake comes out clean. "
recipe,"Mix flour, brown sugar, 1/2 cup of white sugar, 1/2 teaspoon cinnamon, nutmeg, and salt together in a bowl. Combine butter with the flour mixture using fingers or a fork until coarse crumbs form. Stir in walnuts and set aside. Whisk together 1/3 cup sugar, cornstarch, ginger, and 1/2 teaspoon cinnamon. Place the apples in a slow cooker, stir in the cornstarch mixture; toss with lemon juice. Sprinkle the walnut crumb topping on top. Cover and cook on High for 2 hours or Low for 4 hours, until apples are tender. Partially uncover the slow cooker to allow the topping to harden, about 1 hour. "
recipe,"In a medium mixing bowl, combine pudding mix, milk, and orange juice concentrate. Beat with an electric mixer on medium speed for 2 minutes. Mix in sour cream. In a large salad bowl, combine fruits. Gently mix in orange dressing. Cover, and refrigerate for 2 hours. "
recipe,"Preheat oven to 375 degrees F (190 degrees C). Place apples in an 8x8 inch baking dish. Toss apples with syrup. In a separate bowl, mix together flour, oats, sugar, and salt. Cut in butter until mixture is crumbly. Sprinkle mixture evenly over apples. Bake in the preheated oven for 35 minutes, until topping is golden brown. Serve warm or at room temperature. "
recipe,"Preheat oven to 350 degrees F (175 degrees C). Toss apples with white sugar and 1/2 teaspoon cinnamon in a medium bowl to coat; pour into a 9-inch square baking dish. Mix brown sugar, oats, flour, and 1 teaspoon cinnamon in a separate bowl. Use a pastry cutter or 2 forks to mash cold butter into the oats mixture until the mixture resembles coarse crumbs; spread over the apples to the edges of the baking dish. Pat the topping gently until even. Bake in preheated oven until golden brown and sides are bubbling, about 40 minutes. "
recipe,"Preheat oven to 350 degrees F (175 degrees C). Place apples in a 9x13 inch baking dish. In a bowl, mix melted butter, flour, sugar, oats, and 1 tablespoon cinnamon to form a crumbly mixture. Sprinkle over apples. Dot with remaining 1/4 cup butter, and sprinkle with remaining 1 tablespoon cinnamon. Bake 50 minutes in the preheated oven, until lightly browned and apples are tender. "
recipe,"Preheat oven to 400 degrees F (200 degrees C). Butter a 9x13 inch pan. On a lightly floured surface, roll pastry into a large rectangle, about 24 by 16 inches. Cut into 6 square pieces. Place an apple on each pastry square with the cored opening facing upward. Cut butter into 8 pieces. Place 1 piece of butter in the opening of each apple; reserve remaining butter for sauce. Divide brown sugar between apples, poking some inside each cored opening and the rest around the base of each apple. Sprinkle cinnamon and nutmeg over the apples. With slightly wet fingertips, bring one corner of pastry square up to the top of the apple, then bring the opposite corner to the top and press together. Bring up the two remaining corners, and seal. Slightly pinch the dough at the sides to completely seal in the apple. Repeat with the remaining apples. Place in prepared baking dish. In a saucepan, combine water, white sugar, vanilla extract and reserved butter. Place over medium heat, and bring to a boil in a large saucepan. Boil for 5 minutes, or until sugar is dissolved. Carefully pour over dumplings. Bake in preheated oven for 50 to 60 minutes. Place each apple dumpling in a dessert bowl, and spoon some sauce over the top. "
recipe,"Beat shortening and brown sugar together until light and fluffy. Beat in egg and blend thoroughly. Stir together flour, baking soda, salt, cinnamon, cloves and nutmeg. Stir half the dry ingredients into creamed mixture. Stir in nuts, apple and raisins, then stir in remaining half of dry ingredients and milk. Mix well. Drop from tablespoon 1 1/2 inches apart onto lightly greased baking sheet. Bake in a preheated 400 degree oven for 10-12 minutes. Remove cookies to racks and while still warm, spread with glaze. To make Glaze: Combine powdered sugar, butter, vanilla and enough cream to make glaze of spreading consistency. Beat until smooth. Spread on warm cookies. "
recipe,"Preheat oven to 350 degrees F (175 degrees C). Grease and flour a 9x13-inch pan. In a large bowl, sift together flour, sugar, salt, and baking soda. Make a well in the center and add oil, eggs, and vanilla. Mix well (batter will be thick). Fold in chopped apples and nuts. Spread batter into prepared pan. Bake in preheated oven until a toothpick inserted into cake comes out clean, 40 to 50 minutes. Glaze while still hot. To make the glaze: In a saucepan, combine brown sugar, milk, and butter. Bring to a boil and continue cooking for 2 1/2 minutes, stirring constantly. Pour over cake while still hot. "
recipe,"Preheat oven to 350 degrees F (175 degrees C). In a medium bowl, combine flour, oats, brown sugar, cinnamon and melted butter. Stir until crumbly. Press half the oat mixture into a 9x13 inch baking dish. Cover with sliced apples. In a medium saucepan, combine white sugar, cornstarch, water and vanilla. Cook, stirring, until thick and clear, 10 minutes. Pour over apples. Cover apples with remaining crumble mixture. Bake in preheated oven 45 minutes, until bubbly and golden. "
recipe,"Preheat oven to 350 degrees F (175 degrees C). Grease and flour a 10 inch Bundt or tube pan. In a medium bowl, combine the diced apples, 1 tablespoon white sugar and 1 teaspoon cinnamon; set aside. Sift together the flour, baking powder and salt; set aside. In a large bowl, combine 2 cups white sugar, oil, orange juice, vanilla and eggs. Beat at high speed until smooth. Stir in flour mixture. Fold in chopped walnuts. Pour 1/3 of the batter into prepared pan. Sprinkle with 1/2 of the apple mixture. Alternate layers of batter and filling, ending with batter. Bake in preheated oven for 55 to 60 minutes, or until the top springs back when lightly touched. Let cool in pan for 10 minutes, then turn out onto a wire rack and cool completely. Sprinkle with confectioners' sugar. "
recipe,"Preheat oven to 325 degrees F (165 degrees C). Generously grease a 2-quart baking dish. Arrange apple slices in an even layer in the baking dish. In a small bowl, mix together 1/2 cup sugar, cinnamon, and 1/2 cup pecans. Sprinkle mixture over apples. In a medium bowl, mix together flour, 1 cup sugar, baking powder, and salt. In a separate bowl whisk together egg, evaporated milk, and melted butter. Pour milk mixture into flour mixture all at once, and stir until smooth. Pour mixture over apples, and sprinkle top with 1/4 cup pecans. Bake in the preheated oven for 55 minutes. "
recipe,"Preheat oven to 375 degrees F (190 degrees C). In a medium bowl, cream butter and sugar together until smooth. Stir in the eggs and vanilla. Sift together the flour, baking soda, cloves and cinnamon, stir into the creamed mixture. Then add the mashed bananas, rolled oats and chocolate chips, mix until well blended. Drop dough by rounded spoonfuls onto unprepared cookie sheets. Bake for 10 to 12 minutes in the preheated oven. Remove cookies from pan to cool on wire racks. "
recipe,"In a medium bowl, combine pudding mix and milk and stir until mix is dissolved. Refrigerate 15 minutes, until partially set. Stir condensed milk into pudding mixture until smooth. Fold in sour cream and whipped topping. Fold in bananas. Make a single layer of vanilla wafers in the bottom of a 9x13 inch dish. Spread pudding evenly over wafers. Crush remaining wafers and sprinkle on top. Refrigerate until serving. "
recipe,"Preheat oven to 350 degrees F (175 degrees C). Grease a 9x13 inch baking pan. In a large bowl, cream together the shortening and sugar until smooth. Stir in the milk and 1 teaspoon vanilla. Combine the flour, baking soda and 1/2 teaspoon salt; stir into the sugar mixture. Mix in 1 banana, 1 teaspoon lemon juice and walnuts. Spread evenly into the prepared pan. Bake for 25 to 30 minutes in the preheated oven, until a toothpick inserted into the center comes out clean. Let bars cool in the pan on a wire rack. To make the frosting: In a medium bowl, mix together the melted butter, 1 teaspoon vanilla, confectioners' sugar, 1/2 banana, 1/2 teaspoon of salt and 1/4 teaspoon lemon juice using an electric mixer. Beat until smooth. Spread over cooled bars and then cut into squares. "
recipe,"Preheat the grill for high heat. Spray 4 sheets of aluminum foil, large enough to wrap bananas, with cooking spray. Slice the peel of the banana from stem to bottom, while slicing the banana inside lengthwise. The bananas can be cut into slices instead if you like, (while still in the peel) for easier handling later. Carefully open the banana just wide enough to place the chocolate chips and marshmallows inside the peel with the banana. Stuff with as much of the chocolate chips and marshmallows as desired. Wrap the bananas with the aluminum foil and place on the grill or directly in the coals of a fire. Leave in long enough to melt the chips and the marshmallows, about 5 minutes. Unwrap bananas, open the peels wide, and eat with a spoon. "
recipe,"Preheat oven to 350 degrees F (175 degrees C). Grease and flour a 10x15 inch jelly roll pan. In a large bowl, cream butter, white sugar and brown sugar until fluffy. Beat in egg and vanilla. Fold in mashed banana. In a separate bowl, mix flour, baking powder and salt. Fold flour mixture into butter mixture. Stir in chocolate chips. Spread in prepared pan. Bake in preheated oven 20 minutes, until set. Cool before cutting into squares. "
recipe,"Slice strawberries and sprinkle them with sugar. Cut the bananas into slices and toss with orange juice. Combine pudding mix with milk and mix until smooth. Cut the cake into 1 inch cubes. Use half of the cake cubes to line the bottom of a large glass bowl. Layer half of the strawberries followed by half of the blueberries, and then half of the bananas. Spread half of the pudding over the fruit. Repeat layers in the same order. In a medium bowl, whip the cream to stiff peaks and spread over top of trifle. Garnish with maraschino cherries and slivered almonds. "
recipe,"Preheat oven to 350 degrees F (175 degrees C). Grease and flour a 9x9 inch pan. In a large bowl, cream butter and sugar until light. Add eggs and beat well. Dissolve soda in the sour cream and add it to the butter mixture. Beat well. Add the mashed bananas and mix in. Add cake flour and mix well. Stir in vanilla extract. Pour batter into a 9x9 inch pan and bake at 350 degrees F (175 degrees C) for 45 minutes or until done. "
recipe,"Mix graham cracker crumbs, sugar, melted butter or margarine, and ginger until well blended . Press mixture into a 9 inch pie plate. Cool in refrigerator. In a sauce pan, boil an unopened can of sweetened condensed milk for 3 hours. Monitor the water closely, to make sure there is always water in the pan. Remove can from heat and let cool for 10 to 15 minutes. Open can and pour toffee into pie crust. Allow to cool. Slice bananas over toffee. Whip 2 cups of cream and spoon it on top of bananas. Refrigerate before serving. "
recipe,"Stir together flour, 1 1/3 cups oats, salt, and baking soda. In a large bowl, cream 1/2 cup butter or margarine with 2/3 cup brown sugar. Beat in the eggs, then the bananas and vanilla. Beat the flour mixture into the banana mixture. Turn the batter into a greased and floured 8 inch square pan. Mix 3/4 cup oats, 1/3 cup brown sugar, melted butter or margarine, walnuts, and cinnamon together until crumbly. Sprinkle evenly over the top of the batter. Bake in preheated oven at 350 degrees F (175 degrees C) for 40 to 45 minutes, or until it tests done. Transfer to a rack to cool. "
recipe,"Preheat oven to 350 degrees F (175 degrees C). Grease cookie sheets. In a large bowl, cream together shortening and brown sugar. Beat in egg and mashed banana, then stir in vanilla. Combine flour, baking soda, salt, cinnamon, and cloves; stir into the banana mixture. Mix in rolled oats and walnuts. Drop by rounded spoonfuls onto prepared cookie sheets. Leave room for spreading. Bake for 8 to 10 minutes in preheated oven. Allow cookies to cool on cookie sheets for 5 minutes before transferring to a wire rack to cool completely. "
recipe,"In large bowl, combine sweetened condensed milk and water. Add pudding mix; beat until well blended. Chill 5 minutes. Fold in whipped cream. Spoon 1 cup pudding mixture into 2 1/2-quart glass serving bowl. Top with one-third each of the vanilla wafers, bananas and remaining pudding. Repeat layering twice, ending with pudding mixture. Chill thoroughly. Garnish as desired. Store leftovers covered in refrigerator. "
recipe,"Preheat oven to 350 degrees F (175 degrees C). Lightly grease baking sheets. In a medium bowl, cream together shortening and white sugar until smooth. Beat in eggs, vanilla extract, and banana. Combine flour, baking soda, and salt; blend thoroughly into the shortening mixture to make a sticky batter. Drop by rounded tablespoons onto the prepared baking sheets. Bake 10 to 15 minutes in the preheated oven, or until lightly browned. In a medium bowl, blend butter, confectioners' sugar, milk and vanilla extract. Adjust amount of milk as necessary to attain a drizzling consistency. Drizzle over warm cookies. "
recipe,"In medium saucepan combine sugar, flour, and salt. Add eggs and stir well. Stir in milk, and cook over low heat, stirring constantly. When mixture begins to thicken, remove from heat and continue to stir, cooling slightly. Stir in vanilla and butter until smooth. Layer pudding with bananas and vanilla wafers in a serving dish. Chill at least one hour in refrigerator before serving. "
recipe,"Preheat oven to 350 degrees F (175 degrees C). Spray a 10 inch Bundt pan with non-stick cooking spray. In a large bowl, cream together the butter and sugar until light and fluffy. Beat in the eggs one at a time. Beat in the sliced bananas, sour cream and baking soda. Beat in the flour. Pour batter into prepared pan. Bake in the preheated oven for 60 minutes, or until a toothpick inserted into the center of the cake comes out clean. Let cool in pan for 10 minutes, then turn out onto a wire rack and cool completely. "
recipe,"Preheat oven to 350 degrees F (175 degrees C). Grease and flour a 5x9-inch loaf pan. Mash bananas and add flour, sugar, butter, vanilla, baking powder, baking soda and egg. Mix well. Pour into loaf pan. Bake in preheated oven until toothpick inserted into center of cake comes out clean, 50 to 60 minutes. "
recipe,"Preheat oven to 350 degrees F (175 degrees C). Grease a 9x5 inch loaf pan. In a large mixing bowl, mix eggs, milk, sugar, and vanilla until smooth. Stir in bread, bananas, and chocolate chips, and let rest 5 minutes for bread to soak. Pour into prepared pan. Line a roasting pan with a damp kitchen towel. Place loaf pan on towel inside roasting pan, and place roasting pan on oven rack. Fill roasting pan with water to reach halfway up the sides of the loaf pan. Bake in preheated oven for 1 hour, or until a knife inserted in the center comes out clean. "
recipe,"Preheat oven to 350 degrees F (175 degrees C). Line the bottom and sides of a 9-inch pie plate with a layer of alternating vanilla wafer crumbs and banana slices. To Make Pudding: In a medium saucepan, combine 1 1/2 cups sugar with flour. Mix well, then stir in half the milk. Beat egg yolks and whisk into sugar mixture. Add remaining milk and butter or margarine. Place mixture over low heat and cook until thickened, stirring frequently. Remove from heat and stir in vanilla extract. Pour half of pudding over vanilla wafer and banana layer while still hot. Make another layer of alternating vanilla wafers and banana slices on top of pudding layer. Pour remaining pudding over second wafer and banana layer. To Make Meringue: In a large glass or metal bowl, beat egg whites until foamy. Gradually add 1/4 cup sugar, continuing to beat until whites are stiff. Spread meringue into pie pan, making sure to completely cover pudding layer. Bake in preheated oven for 15 minutes, just until meringue is browned. Chill before serving. "
recipe,"Preheat an oven to 350 degrees F (175 degrees C). Grease a 9x13 inch baking pan. Beat the butter and sugar with an electric mixer in a large bowl until light and fluffy. Add the egg and the vanilla and beat until well combined. Stir in the mashed banana, set aside. Stir together the flour, baking soda, baking powder, and salt in a separate large bowl, and make a well in the center. Pour the banana mixture into the well and stir just until combined. Remove half of the batter from the bowl. Mix the cocoa powder into the batter remaining in the bowl and stir well. Spread the cocoa batter in the bottom of the prepared pan. Spoon the remaining batter on top and use a knife to swirl the batter into a marbled design. Bake in the preheated oven until the edges are golden, about 25 minutes. Allow to cool before cutting into 24 pieces. "
recipe,"In a medium bowl, stir together condensed milk and water. Beat in pudding mix until smooth. Chill in refrigerator 5 minutes. In a separate bowl, whip cream until stiff peaks form. Fold whipped cream into chilled pudding mixture. Dip sliced bananas in lemon juice. Shake off excess. In a 2 1/2 quart serving bowl, spoon 1 cup pudding mixture. Top with one-third each of the wafers, bananas and remaining pudding. Repeat layers twice. Chill until serving. "
recipe,"Preheat oven to 350 degrees F (175 degrees C). Grease and flour a 9x13 inch pan. Put 1 tablespoon lemon juice in a measuring cup with 2/3 cup milk. Set aside. Mash bananas with a fork, adding the remaining 1 tablespoon lemon juice to them as you mash. Set aside. In a large bowl, combine cake mix and baking soda. Stir to combine. Add bananas, softened butter, milk mixture, eggs and vanilla. Beat at low speed until moistened (about 30 seconds). Beat at medium speed for 4 minutes. Pour into prepared pan. Bake in the preheated oven for 30 to 35 minutes, or until center of cake springs back when lightly tapped. A toothpick stuck in the center may leave a slight crumb. Allow to cool on a wire rack. "
recipe,"Preheat oven to 275 degrees F (135 degrees C). Make the crust: In a food processor, blend together the graham cracker crumbs, almonds and sugar until the almonds are ground fine. Pour in the melted butter and caramel while processing, until mixture is combined. Press the mixture onto the bottom, and half way up the side of a 10 inch springform pan. Make the filling: In a metal bowl over a pan of barely simmering water, melt the white chocolate, stirring until smooth. Remove from heat and set aside. In a large bowl, beat the cream cheese and 3/4 cup sugar until smooth. Beat in the eggs and the egg yolks, one at a time. Beat in the flour and the vanilla and blend in the melted white chocolate slowly, beating until the filling is well combined. Pour filling into crust. Bake in the middle of preheated oven for 1 hour. Then turn off the heat, and crack the oven door an inch, letting the cheesecake cool in the oven to room temperature. Cover loosely and refrigerate overnight before removing from pan. Make the topping: In a saucepan, combine 1/2 cup sugar and cornstarch. Stir in water and blueberries. Bring to a boil, then simmer for 10 minutes, stirring occasionally. Press through a fine sieve. Stir in lemon juice, allow to cool, and store in a glass jar. "
recipe,"Preheat oven to 350 degrees F (175 degrees C). Grease a 9 inch square baking dish. To make the crust: Cream shortening, sugar, one egg, milk and almond extract in a large bowl. Mix in flour and baking powder, stirring constantly. Spread crust evenly in baking pan. Top with blueberries. To make the topping: In a medium bowl, beat two eggs, and cream cheese until smooth. Stir in powdered sugar and almond extract. Spread over blueberries. Bake 55 to 60 minutes, or until firm to the touch. Cool in pan before cutting. "
recipe,"Preheat the oven to 350 degrees F (175 degrees C). Grease and flour a 10 inch Bundt pan. In a large bowl, cream together the butter and sugar until light and fluffy. Beat in the eggs one at a time, then stir in the lemon extract. Combine the flour, baking powder, and lemon zest; stir into the batter alternating with the milk. I like to use a spatula and stir by hand, mixing just until blended so the batter is not over mixed. Be sure to scrape the bottom and sides of the bowl often. Fold in the blueberries. Spoon the batter into the prepared pan. Bake for 1 hour in the preheated oven, or until a toothpick inserted into the center comes out clean. Let cool in the pan for at least 10 minutes, then invert onto a wire rack to cool completely. "
recipe,"Preheat the oven to 350 degrees F (175 degrees C). Grease a 9 inch square baking dish. In a large bowl, stir together the flour, 3/4 cup of sugar, and baking powder. Add the milk, shortening, 1 egg, and lemon extract, and use an electric mixer to mix on low speed for 1 minute, then on medium speed for 1 minute. Pour the batter into the prepared pan, and spread evenly. Sprinkle blueberries over the batter. In a medium bowl, stir together 2 beaten eggs, ricotta cheese, 1/3 cup of sugar, and vanilla extract. Spoon this mixture over the blueberries, and spread evenly. Bake for 55 to 60 minutes in the preheated oven, until a knife inserted near the center comes out clean. Cool completely before cutting into squares and serving. "
recipe,"Preheat the oven to 375 degrees F (190 degrees C). Grease a 9 inch springform pan. In a medium bowl, stir together the flour, 1/2 cup of sugar, and baking powder. Mix in the butter by pinching between your fingers or using a pastry blender until the mixture resembles coarse crumbs. Stir in the egg and 1 teaspoon of vanilla. Pat lightly into the bottom of the prepared pan. Pour blueberries over the top. In another medium bowl, whisk together the sour cream, 1/2 cup of sugar, egg yolks and 1 teaspoon of vanilla until smooth. Pour over the blueberries. Bake for 60 to 70 minutes in the preheated oven, until the top is lightly browned. Cool, then run a knife around the edge of the pan. Remove the outer ring of the pan, and cut into wedges to serve. "
recipe,"Preheat oven to 425 degrees F (220 degrees C). Generously butter a 2 1/2-quart baking dish. Pour blueberries into prepared baking dish. Blend milk, sugar, flour, eggs, vanilla extract, and salt in a blender until batter is smooth. Pour batter over blueberries and gently shake to remove any air bubbles. Bake in the preheated oven until puffed and center is set, 25 to 30 minutes. Cool until clafoutis deflates and is just warm. "
recipe,"Preheat the oven to 425 degrees F (220 degrees C). Press one of the pie crusts into a 9 inch pie plate. In a large bowl, stir together 1/2 cup of sugar, cornstarch and cinnamon. Stir in the cherry pie filling and blueberries. Spoon into the pie crust. Top with the second crust, and press the edges to seal. Flute edges, or press with the tines of a fork. In a cup, whisk together the egg white and water with a fork. Brush over the top of the pie, then sprinkle with 2 teaspoons of sugar. Bake for 45 to 55 minutes in the preheated oven, or until crust is golden brown. Cover the edges of the crust with aluminum foil if they appear to be getting too dark. Cool for at least 2 hours to allow the filling to set before serving. "
recipe,"Preheat oven to 375 degrees F (190 degrees C). Grease and flour a 9 inch pan. Sift together the flour, baking powder and salt. Set aside. In a large bowl, whisk together the oil, sugar and egg. Stir in the flour mixture alternately with the milk, mixing just until incorporated. Fold in the blueberries. Pour batter into prepared pan. Cover with streusel topping. For the topping: In a bowl, combine 1/3 cup flour, cinnamon and 1/2 cup sugar. Cut in the butter until mixture resembles coarse crumbs. Bake in the preheated oven for 45 minutes, or until a toothpick inserted into the center of the cake comes out clean. Allow to cool. "
recipe,"Preheat the oven to 350 degrees F (175 degrees C). Place the blueberries into an 8x8 inch square baking dish. In a medium bowl, cream together the margarine and 3/4 cup sugar until smooth. Stir the flour into the creamed mixture alternately with the milk. Spoon batter over blueberries. Mix together the remaining 3/4 cup sugar with the cornstarch and nutmeg. Sprinkle over the top. Pour boiling water over the whole thing. Bake for 1 hour in the preheated oven. Cool for at least 10 minutes to set. Serve with whipped topping or vanilla ice cream. "
recipe,"In a large mixing bowl, cream the shortening, sugar, egg, milk, almond extract and lemon zest. Mix well after the addition of each ingredient. Combine the flour, baking powder and salt; blend into the sugar mixture. Fold in the blueberries. Cover and chill for 4 hours. Preheat oven to 375 degrees F. Drop dough by teaspoonfuls onto ungreased cookie sheets, about 1 1/2 inches apart. Bake 12 to 15 minutes in the preheated oven. Let the cookies cool on the baking sheets for a few minutes before transferring to wire racks to cool completely. "
recipe,"Combine crumbs, 2 tablespoons sugar and butter. Pat mixture into the bottom of a 9 inch springform pan. Mash cream cheese until soft and creamy. Gradually beat in sour cream, 3/4 cup sugar, vanilla and flour. Beat in eggs one at a time. Pour mixture into crumb-lined pan. Bake in a preheated 325 degree F (165 degrees C) oven for 1 hour or until firm to the touch. Cool and then remove cake from pan by loosening edges with a knife. Place frozen blueberries on top of cake. Melt jelly and spoon over blueberries to glaze. Chill until ready to serve. "
recipe,"Mix sugar, flour, and cinnamon in large bowl. Add fruit. Add lemon juice, and stir well. Pour into a 9 inch unbaked pie shell. Dot with the butter or margarine. Cover with top crust and flute edges. Cut small slits in the top. Bake at 375 degrees F (190 degrees C) for 1 hour. I put a baking sheet under mine to catch any liquid that might bubble over. "
recipe,"In a saucepan, combine sugar, cornstarch and salt. Stir in water and 1 cup of blueberries. Cook and stir over medium heat, until thick, approximately 8 to 10 minutes. Add butter and let cool about 5 minutes. Stir in remaining blueberries. Pour into baked pie shell and cool in the refrigerator for 2 to 4 hours. "
recipe,"Preheat oven to 375 degrees F (190 degrees C). Place butter cubes in the freezer for 15 minutes. Whisk together flour, sugar, salt, and baking powder in a large bowl. Sprinkle in Chinese five-spice powder. Cut in frozen butter using a pastry cutter until the butter pieces are about the size of peas. Mix in egg yolk and continue cutting in until thoroughly combined. Drizzle in ice water and stir to combine. The dough should just come together when pinched between your fingers. Pour about 3/4 of the crumb mixture into an ungreased 9x9-inch baking dish. Press the mixture down firmly using the back of a spoon. Spread blueberries in one layer and sprinkle with remaining crumbly dough. Bake in the preheated oven until the top is golden and sides are crisp and browned, 30 to 35 minutes. Cool completely before serving. "
recipe,"Preheat oven to 325 degrees F. In bowl, combine blueberries, sweetened condensed milk and lemon peel. In large bowl, cut 3/4 cup butter into 1 1/2 cups biscuit mix until crumbly; stir in blueberry mixture. Spread in greased 9-inch square baking pan. In small bowl, combine remaining 1/2 cup biscuit mix and brown sugar; cut in remaining 2 tablespoons butter until crumbly. Add nuts. Sprinkle over cobbler. Bake 65 to 70 minutes. Serve warm with vanilla ice cream and Blueberry Sauce. Store leftovers covered in refrigerator. Blueberry Sauce: In saucepan, combine sugar, cornstarch, cinnamon, and nutmeg. Gradually add water. Cook and stir until thickened. Stir in blueberries; cook and stir until hot. "
recipe,"Pour one pint of the blueberries into the baked pie shell. Combine flour, butter, lemon juice and sugar. Mix thoroughly. Add the remaining pint of blueberries and bring just to a boil over medium heat. Berries should begin to pop open. Pour cooked berries over fresh berries. Chill pie and serve with whipped cream. "
recipe,"Preheat oven to 350 degrees F (175 degrees C). Place butter in an 8-inch square baking dish. Melt butter in the preheating oven, about 5 minutes. Remove from oven. Mix flour, sugar, and milk in a bowl until combined; pour batter over melted butter. Scatter blueberries over batter. Bake in preheated oven until a toothpick inserted into the center comes out clean, about 1 hour. "
recipe,"Preheat the oven to 350 degrees F (175 degrees C). Grease and flour a 9x13 inch baking pan. In a large bowl, stir together the melted butter, milk, eggs, vanilla and 1 1/2 cups sugar substitute. Combine 3 cups of flour and baking powder; stir into the wet ingredients until just blended. Fold in the blueberries. Spread evenly in the prepared pan. In a small bowl, stir together the brown sugar substitute, 3/4 cup of flour, and cinnamon. Stir in the softened butter with a fork until the mixture is crumbly. Sprinkle over the top of the cake. Bake for 35 to 40 minutes in the preheated oven, until a toothpick inserted into the center of the cake comes out clean. This cake is best served warm. "
